{
	"format_version": "1.8.0",
	"animations": {
		"animation.wizard.walk": {
			"loop": true,
			"animation_length": 1.58333,
			"bones": {
				"root": {
					"rotation": {
						"0.0": [0, 0, -1],
						"0.4167": [0, 0, 0],
						"0.7917": [0, 0, 1],
						"1.1667": [0, 0, 0],
						"1.5833": [0, 0, -1]
					},
					"position": {
						"0.0": [0, 0, 0],
						"0.4167": [-1, 5, 0],
						"0.7917": [-2, 0, 0],
						"1.1667": [-1, 5, 0],
						"1.5833": [0, 0, 0]
					}
				},
				"left": {
					"rotation": {
						"0.0": [-15, 0, 0],
						"0.4167": [0, 0, 0],
						"0.7917": [22.5, 0, 0],
						"1.1667": [0, 0, 0],
						"1.5833": [-15, 0, 0]
					}
				},
				"right": {
					"rotation": {
						"0.0": [22.5, 0, 0],
						"0.4167": [0, 0, 0],
						"0.7917": [-15, 0, 0],
						"1.1667": [0, 0, 0],
						"1.5833": [22.5, 0, 0]
					}
				},
				"leftarm": {
					"rotation": {
						"0.0": [0, -42.5, 0],
						"0.7917": [0, 60, 0],
						"1.5833": [0, -42.5, 0]
					}
				},
				"upperbody": {
					"rotation": {
						"0.0": [0, -12.5, 0],
						"0.7917": [0, 12.5, 0],
						"1.5833": [0, -12.5, 0]
					}
				},
				"leftshoulder": {
					"rotation": {
						"0.0": [0, -60, 0],
						"0.7917": [0, 75, 0],
						"1.5833": [0, -42.5, 0]
					}
				},
				"rightshoulder": {
					"rotation": {
						"0.0": [0, -75, 0],
						"0.7917": [0, 60, 0],
						"1.5833": [0, -60, 0]
					}
				}
			}
		},
		"animation.wizard.staffhit": {
			"animation_length": 0.95833,
			"override_previous_animation": true,
			"bones": {
				"rightArm": {
					"rotation": {
						"0.0": [-90.10284, -78.02141, -83.02217],
						"0.0833": [-90.10284, -78.02141, -83.02217],
						"0.25": [-48.78263, -26.48219, -46.96552],
						"0.4167": [88.97028, -102.5046, 17.7048]
					},
					"position": {
						"0.0": [-3, 0, -2],
						"0.0833": [-3, 0, -2],
						"0.4167": [11, 0, -6]
					}
				}
			}
		},
		"animation.wizard.placetrap": {
			"animation_length": 0.625,
			"override_previous_animation": true,
			"bones": {
				"hands": {
					"rotation": {
						"0.0": [0, 0, 0],
						"0.625": [90, 0, 0]
					},
					"position": {
						"0.0": [0, 0, 0],
						"0.625": [0, 0, -7]
					}
				},
				"leftshoulder": {
					"rotation": {
						"0.0": [0, 0, 0],
						"0.625": [-95, 0, 0]
					}
				},
				"rightshoulder": {
					"rotation": {
						"0.0": [0, 0, 0],
						"0.625": [-95, 0, 0]
					}
				},
				"body": {
					"rotation": {
						"0.0": [0, 0, 0],
						"0.625": [20, 0, 0]
					}
				},
				"upperbody": {
					"rotation": {
						"0.0": [0, 0, 0],
						"0.625": [30, 0, 0]
					},
					"position": {
						"0.0": [0, 0, 0],
						"0.625": [0, -3, 0]
					}
				}
			}
		}
	}
}